Total Objects, Sample Time,Memory Usage (MB),
1,01:46:39.512344600,48.56651306152344
2,01:46:44.211336700,20.81243133544922
3,01:46:44.486333800,23.31438446044922
4,01:46:44.737333400,25.32807159423828
5,01:46:45.000343400,27.81243133544922
6,01:46:45.277334,30.31438446044922
7,01:46:45.577336400,32.31438446044922
8,01:46:45.863333200,34.81243133544922
9,01:46:46.173338200,37.31438446044922
10,01:46:46.411332500,39.31438446044922
11,01:46:46.651335800,42.31462860107422
12,01:46:46.889344400,44.81243133544922
13,01:46:47.228348100,46.81243133544922
14,01:46:47.570347,49.31462860107422
15,01:46:47.865333600,51.31438446044922
16,01:46:48.145340800,53.81243133544922
17,01:46:48.429333400,56.31438446044922
18,01:46:48.679341900,58.31438446044922
19,01:46:48.911344600,60.81243133544922
20,01:46:49.189334500,62.81243133544922
21,01:46:49.469352800,29.001953125
22,01:46:49.766338800,31.5
23,01:46:50.054345800,34.001953125
24,01:46:50.329336900,36.001953125
25,01:46:50.575351700,38.001953125
26,01:46:50.863344700,40.5
27,01:46:51.150344300,43.001953125
28,01:46:51.439344600,45.001953125
29,01:46:51.773351100,29.507827758789062
30,01:46:52.268348,31.501953125
31,01:46:52.762342300,34.0
32,01:46:53.184473400,36.0
33,01:46:53.783477400,39.51564025878906
34,01:46:54.135467400,41.501953125
35,01:46:54.445472200,44.0
36,01:46:54.768476900,46.0
37,01:46:55.085465,48.0
38,01:46:55.393465400,50.501953125
39,01:46:55.712466,52.501953125
40,01:46:56.110470400,54.50782775878906
41,01:46:56.517469200,57.0
42,01:46:56.855478200,59.0
43,01:46:57.320473500,61.501953125
44,01:46:57.762477600,63.501953125
45,01:46:58.076461200,66.0
46,01:46:58.348465400,68.0
47,01:46:58.643469200,70.0
48,01:46:58.910472500,72.501953125
49,01:46:59.226466400,34.37849426269531
50,01:46:59.632479200,36.87629699707031
51,01:47:00.129468200,38.87629699707031
52,01:47:00.440460700,40.87629699707031
53,01:47:00.725503200,43.37825012207031
54,01:47:00.960461,45.37825012207031
55,01:47:01.218465500,47.37825012207031
56,01:47:01.460474100,49.87629699707031
57,01:47:01.678479200,51.87629699707031
58,01:47:01.903487300,53.87629699707031
59,01:47:02.123477100,55.87629699707031
60,01:47:02.348460600,58.37825012207031
61,01:47:02.580460800,60.37825012207031
62,01:47:02.806460400,62.37825012207031
63,01:47:03.050459600,64.87629699707031
64,01:47:03.277460900,67.37825012207031
65,01:47:03.534466500,69.37849426269531
66,01:47:03.769460900,71.87629699707031
67,01:47:03.994471600,73.87629699707031
68,01:47:04.198462100,75.87629699707031
69,01:47:04.375493700,40.90559387207031
70,01:47:04.603495400,42.90559387207031
71,01:47:04.780505100,44.90559387207031
72,01:47:04.940556,47.40364074707031
73,01:47:05.088558200,49.40364074707031
74,01:47:05.265670700,51.40364074707031
75,01:47:05.460655300,53.90559387207031
76,01:47:05.655118400,55.90559387207031
77,01:47:05.845121,57.90559387207031
78,01:47:06.026164300,60.40364074707031
79,01:47:06.209163200,62.40364074707031
80,01:47:06.401290300,64.40364074707031
81,01:47:06.618293800,66.40364074707031
82,01:47:06.807306300,68.90559387207031
83,01:47:06.979299500,70.90559387207031
84,01:47:07.162291300,72.90559387207031
85,01:47:07.327292400,75.40364074707031
86,01:47:07.482290900,77.40364074707031
87,01:47:07.664366400,43.0
88,01:47:07.873364500,45.501953125
89,01:47:08.082374900,47.501953125
90,01:47:08.297369100,49.501953125
91,01:47:08.496357200,51.51564025878906
92,01:47:08.662417100,54.0
93,01:47:08.816441100,56.0
94,01:47:08.989424900,58.0
95,01:47:09.190477600,60.501953125
96,01:47:09.386470300,62.501953125
97,01:47:09.588481200,64.501953125
98,01:47:09.797479,66.501953125
99,01:47:09.988484500,69.0
100,01:47:10.169481800,71.0
101,01:47:10.358486300,73.0
102,01:47:10.577471900,75.501953125
103,01:47:10.800474500,77.501953125
104,01:47:10.986475900,79.501953125
105,01:47:11.142477200,48.5
106,01:47:11.332484100,50.5
107,01:47:11.482612100,52.5
108,01:47:11.643613,54.5
109,01:47:11.814630900,57.001953125
110,01:47:11.975668900,59.001953125
111,01:47:12.120772200,61.001953125
112,01:47:12.289763300,63.001953125
113,01:47:12.467758900,65.5
114,01:47:12.660763500,67.5
115,01:47:12.862904100,69.5
116,01:47:13.061908900,71.5
117,01:47:13.232923800,74.001953125
118,01:47:13.410101700,76.001953125
119,01:47:13.576100100,78.001953125
120,01:47:13.727103600,80.5
121,01:47:13.879216900,51.39897155761719
122,01:47:14.089214100,53.39897155761719
123,01:47:14.249212300,55.39897155761719
124,01:47:14.402215400,57.90092468261719
125,01:47:14.578537100,59.90679931640625
126,01:47:14.742598,61.90092468261719
127,01:47:14.933603600,63.90092468261719
128,01:47:15.219609800,66.39897155761719
129,01:47:15.511619600,68.39897155761719
130,01:47:15.872616900,70.39897155761719
131,01:47:16.473615700,72.90092468261719
132,01:47:17.428625400,74.90092468261719
133,01:47:18.281749800,76.90092468261719
134,01:47:18.704748400,78.90092468261719
135,01:47:19.052756200,81.39897155761719
136,01:47:19.360750100,54.0
137,01:47:19.965750900,55.0
138,01:47:20.371748200,57.501953125
139,01:47:20.691757400,59.501953125
140,01:47:21.016753700,61.501953125
141,01:47:21.345757200,63.501953125
142,01:47:21.670743400,65.501953125
143,01:47:21.999751100,68.0
144,01:47:22.322743100,70.0
145,01:47:22.622750700,72.0
146,01:47:22.948757500,74.0
147,01:47:23.286750300,76.501953125
148,01:47:23.580738700,78.50782775878906
149,01:47:23.802875800,80.501953125
150,01:47:24.043874100,82.50782775878906
151,01:47:24.257643400,57.69023132324219
152,01:47:24.511653800,59.69023132324219
153,01:47:24.720646800,61.69023132324219
154,01:47:24.935651300,63.69023132324219
155,01:47:25.160642500,66.19218444824219
156,01:47:25.369648600,68.19805908203125
157,01:47:25.584770500,70.19218444824219
158,01:47:25.800766600,72.19805908203125
159,01:47:26.013779900,74.69023132324219
160,01:47:26.226769900,76.69023132324219
161,01:47:26.452768800,78.69023132324219
162,01:47:26.691296600,80.69023132324219
163,01:47:26.910313700,83.19218444824219
164,01:47:27.129466700,58.297149658203125
165,01:47:27.380460,60.27483367919922
166,01:47:27.584528900,62.27483367919922
167,01:47:27.794545100,64.77288055419922
168,01:47:27.997533100,66.77288055419922
169,01:47:28.163546700,68.77288055419922
170,01:47:28.334523400,70.77288055419922
171,01:47:28.500589,73.27483367919922
172,01:47:28.680597800,75.27483367919922
173,01:47:28.866635200,77.27483367919922
174,01:47:29.043631500,79.27483367919922
175,01:47:29.236818,81.77288055419922
176,01:47:29.474811,83.77288055419922
177,01:47:29.680814400,61.0
178,01:47:29.960812400,63.0
179,01:47:30.162809900,65.501953125
180,01:47:30.351818100,67.501953125
181,01:47:30.573820500,69.501953125
182,01:47:30.790809800,71.501953125
183,01:47:31.208949200,73.501953125
184,01:47:31.532958400,76.0
185,01:47:31.920087800,78.0
186,01:47:32.306091300,80.0
187,01:47:32.589082700,82.0
188,01:47:32.800082900,84.501953125
189,01:47:33.028093700,63.518165588378906
190,01:47:33.270091200,65.501953125
191,01:47:33.479085300,67.51564025878906
192,01:47:33.689078400,70.0
193,01:47:33.916081200,72.0
194,01:47:34.214081400,74.0
195,01:47:34.468084600,76.0
196,01:47:34.763085700,78.501953125
197,01:47:35.033086,80.501953125
198,01:47:35.254092400,82.501953125
199,01:47:35.458092600,84.501953125
200,01:47:35.683100200,87.0
201,01:47:35.897085200,89.0
202,01:47:36.116082400,91.0
203,01:47:36.318244700,66.85375213623047
204,01:47:36.544785900,68.85375213623047
205,01:47:36.773795700,71.35570526123047
206,01:47:36.983783600,73.36157989501953
207,01:47:37.214781100,75.35570526123047
208,01:47:37.420774900,77.36939239501953
209,01:47:37.628793800,79.85375213623047
210,01:47:37.858779800,81.85375213623047
211,01:47:38.093963500,83.85375213623047
212,01:47:38.323973800,85.85375213623047
213,01:47:38.527973100,88.35570526123047
214,01:47:38.743968,90.35570526123047
215,01:47:38.970959100,68.50447845458984
216,01:47:39.224961300,70.501953125
217,01:47:39.466960700,73.0
218,01:47:39.673970500,75.0
219,01:47:39.886971900,77.0
220,01:47:40.078017200,79.0
221,01:47:40.260004500,81.0
222,01:47:40.443004200,83.501953125
223,01:47:40.620901700,85.501953125
224,01:47:40.775898700,87.501953125
225,01:47:40.951907,89.501953125
226,01:47:41.145343800,71.6211166381836
227,01:47:41.341341300,73.63233184814453
228,01:47:41.503351600,75.62464904785156
229,01:47:41.678420800,77.70117950439453
230,01:47:41.845422100,80.16085815429688
231,01:47:42.012445300,82.160888671875
232,01:47:42.186454700,84.16089630126953
233,01:47:42.352444400,86.16087341308594
234,01:47:42.527443500,88.6187973022461
235,01:47:42.718448300,90.61860656738281
236,01:47:42.888446500,92.63250732421875
237,01:47:43.073444600,94.61882019042969
238,01:47:43.264445700,96.70117950439453
239,01:47:43.424405500,99.16109466552734
240,01:47:43.593400300,101.1667251586914
241,01:47:43.801415,103.1609115600586
242,01:47:43.982407400,75.06523132324219
243,01:47:44.188478300,77.55935668945312
244,01:47:44.350477200,79.55740356445312
245,01:47:44.514476600,81.55740356445312
246,01:47:44.699468900,84.05935668945312
247,01:47:44.876998200,86.05935668945312
248,01:47:45.031997800,88.05935668945312
249,01:47:45.207015800,90.55740356445312
250,01:47:45.391998200,92.55740356445312
251,01:47:45.624993800,94.55740356445312
252,01:47:45.851003800,96.55740356445312
253,01:47:46.061998600,99.05935668945312
254,01:47:46.258556100,101.05935668945312
255,01:47:46.439561400,103.05935668945312
256,01:47:46.611569100,77.92538452148438
257,01:47:46.877562600,80.41838073730469
258,01:47:47.143562600,82.41838073730469
259,01:47:47.350558800,84.41838073730469
260,01:47:47.558566600,86.41838073730469
261,01:47:47.756567600,88.41838073730469
262,01:47:47.945633600,90.92033386230469
263,01:47:48.111622600,92.93402099609375
264,01:47:48.305673400,94.92033386230469
265,01:47:48.505677100,96.92033386230469
266,01:47:48.665678100,99.41838073730469
267,01:47:48.854292800,101.41838073730469
268,01:47:49.033289200,103.41838073730469
269,01:47:49.209934300,82.0
270,01:47:49.392903,84.501953125
271,01:47:49.566904800,86.501953125
272,01:47:49.742896900,88.501953125
273,01:47:49.934234400,90.501953125
274,01:47:50.176224600,92.501953125
275,01:47:50.411228500,95.0
276,01:47:50.705260700,97.0
277,01:47:50.953244400,99.0
278,01:47:51.179239,101.0
279,01:47:51.384231900,103.501953125
280,01:47:51.546309500,105.501953125
281,01:47:51.698306800,107.501953125
282,01:47:51.829311100,109.501953125
283,01:47:51.971304900,111.501953125
284,01:47:52.113310100,114.0
285,01:47:52.249301200,116.0
286,01:47:52.383309700,118.0
287,01:47:52.510356700,85.42808532714844
288,01:47:52.663344700,87.93003845214844
289,01:47:52.824344100,89.93003845214844
290,01:47:52.963537400,91.93003845214844
291,01:47:53.101546100,93.93003845214844
292,01:47:53.248543100,95.93003845214844
293,01:47:53.382538600,98.42808532714844
294,01:47:53.523957400,100.42808532714844
295,01:47:53.657951500,102.42808532714844
296,01:47:53.787957400,104.42808532714844
297,01:47:53.930289700,106.93003845214844
298,01:47:54.076313500,108.93003845214844
299,01:47:54.233236700,110.93256378173828
300,01:47:54.401236,112.93003845214844
301,01:47:54.546234,114.93003845214844
302,01:47:54.687238200,117.42808532714844
303,01:47:54.827237,119.42808532714844
304,01:47:54.949239700,90.20919799804688
305,01:47:55.148231200,92.20919799804688
306,01:47:55.328238600,94.71115112304688
307,01:47:55.468236,96.71115112304688
308,01:47:55.603237400,98.71115112304688
309,01:47:55.741239600,100.71115112304688
310,01:47:55.871240500,102.71115112304688
311,01:47:56.016230500,105.20919799804688
312,01:47:56.155231200,107.20919799804688
313,01:47:56.287236700,109.20919799804688
314,01:47:56.441232700,111.20919799804688
315,01:47:56.598661200,113.20919799804688
316,01:47:56.753653900,115.71115112304688
317,01:47:56.912645600,117.71115112304688
318,01:47:57.039854700,92.75958251953125
319,01:47:57.192867500,94.75958251953125
320,01:47:57.337858200,97.25762939453125
321,01:47:57.473861400,99.25762939453125
322,01:47:57.613345600,101.25762939453125
323,01:47:57.736353400,103.25762939453125
324,01:47:57.880339100,105.25762939453125
325,01:47:58.018343,107.75958251953125
326,01:47:58.158344700,109.75958251953125
327,01:47:58.310340300,111.75958251953125
328,01:47:58.501347800,113.75958251953125
329,01:47:58.656852300,115.75958251953125
330,01:47:58.804849800,118.25762939453125
331,01:47:58.948849100,120.25762939453125
332,01:47:59.080854900,122.25762939453125
333,01:47:59.217849200,124.25762939453125
334,01:47:59.337017400,126.75958251953125
335,01:47:59.481998600,128.75982666015625
336,01:47:59.618548300,130.7732696533203
337,01:47:59.752539300,132.75958251953125
338,01:47:59.902540,134.75958251953125
339,01:48:00.047589900,97.70523071289062
340,01:48:00.213582100,99.70523071289062
341,01:48:00.352599400,101.70523071289062
342,01:48:00.487592900,103.70523071289062
343,01:48:00.643588,105.70523071289062
344,01:48:00.788581,108.20718383789062
345,01:48:00.928582600,110.20718383789062
346,01:48:01.083588400,112.20718383789062
347,01:48:01.227587300,114.20718383789062
348,01:48:01.359592100,116.20718383789062
349,01:48:01.510582200,118.70523071289062
350,01:48:01.651614500,120.70523071289062
351,01:48:01.778612100,122.70523071289062
352,01:48:01.918610,124.70523071289062
353,01:48:02.043613300,127.20718383789062
354,01:48:02.199601400,129.20718383789062
355,01:48:02.337611300,131.20718383789062
356,01:48:02.465681700,133.20742797851562
357,01:48:02.611668400,135.2208709716797
358,01:48:02.749996100,101.5
359,01:48:02.923000900,103.5
360,01:48:03.128002700,105.5
361,01:48:03.284994800,107.5
362,01:48:03.433995700,109.5
363,01:48:03.568010700,112.001953125
364,01:48:03.722103300,114.01564025878906
365,01:48:03.936094200,116.001953125
366,01:48:04.139101700,118.001953125
367,01:48:04.310209300,120.5
368,01:48:04.453206300,122.5
369,01:48:04.591207,124.5
370,01:48:04.716249700,126.5
371,01:48:04.857250700,128.5
372,01:48:04.990270,131.001953125
373,01:48:05.121250,133.001953125
374,01:48:05.256255900,135.001953125
375,01:48:05.394260800,105.2674331665039
376,01:48:05.582949800,107.2674331665039
377,01:48:05.760942400,109.7654800415039
378,01:48:05.895940,111.7654800415039
379,01:48:06.031937100,113.7654800415039
380,01:48:06.175942800,115.7654800415039
381,01:48:06.297946200,118.2674331665039
382,01:48:06.430936700,120.2674331665039
383,01:48:06.552101400,122.2674331665039
384,01:48:06.685089900,124.2674331665039
385,01:48:06.835097900,126.28112030029297
386,01:48:06.968100700,128.7654800415039
387,01:48:07.107090600,130.7654800415039
388,01:48:07.242091800,132.7654800415039
389,01:48:07.364093900,134.7654800415039
390,01:48:07.500092,136.7654800415039
391,01:48:07.619103700,139.2674331665039
392,01:48:07.763132,141.2674331665039
393,01:48:07.918223,143.2674331665039
394,01:48:08.054227100,145.2674331665039
395,01:48:08.221217,147.2674331665039
396,01:48:08.375234600,149.7654800415039
397,01:48:08.524216700,151.7654800415039
398,01:48:08.679274800,153.7654800415039
399,01:48:08.802303900,110.81491088867188
400,01:48:08.959303900,113.31686401367188
401,01:48:09.115305100,115.31686401367188
402,01:48:09.259629200,117.31686401367188
403,01:48:09.432642700,119.31686401367188
404,01:48:09.613630,121.31686401367188
405,01:48:09.754634100,123.81491088867188
406,01:48:09.886702200,125.81491088867188
407,01:48:10.052689500,127.81491088867188
408,01:48:10.230687900,129.81491088867188
409,01:48:10.375686300,131.81491088867188
410,01:48:10.525697900,134.31686401367188
411,01:48:10.685003100,136.31686401367188
412,01:48:10.809006200,138.31686401367188
413,01:48:10.956003300,140.31686401367188
414,01:48:11.092005900,142.81491088867188
415,01:48:11.234007200,144.81491088867188
416,01:48:11.374997800,146.81491088867188
417,01:48:11.509037400,148.81491088867188
418,01:48:11.651997200,150.81491088867188
419,01:48:11.784005900,152.81491088867188
420,01:48:11.906924900,115.28521728515625
421,01:48:12.081917800,117.2826919555664
422,01:48:12.282918400,119.2826919555664
423,01:48:12.439931400,121.2826919555664
424,01:48:12.613919300,123.2826919555664
425,01:48:12.783925500,125.7807388305664
426,01:48:12.919964700,127.7807388305664
427,01:48:13.065958400,129.7807388305664
428,01:48:13.224962700,131.7807388305664
429,01:48:13.381004400,133.7807388305664
430,01:48:13.539989400,136.2826919555664
431,01:48:13.699984700,138.2826919555664
432,01:48:13.836984,140.2826919555664
433,01:48:13.977194900,142.2826919555664
434,01:48:14.116195800,144.29637908935547
435,01:48:14.244193,146.7807388305664
436,01:48:14.379192300,148.7807388305664
437,01:48:14.509196200,150.7807388305664
438,01:48:14.636192,152.7807388305664
439,01:48:14.771264800,120.2642593383789
440,01:48:14.947258,122.7662124633789
441,01:48:15.128252200,124.7662124633789
442,01:48:15.274249400,126.7662124633789
443,01:48:15.418243,128.7662124633789
444,01:48:15.562463500,130.7662124633789
445,01:48:15.709468800,133.2642593383789
446,01:48:15.831475,135.2642593383789
447,01:48:15.967522900,137.2642593383789
448,01:48:16.099532400,139.2662124633789
449,01:48:16.244528300,141.2642593383789
450,01:48:16.389517,143.2642593383789
451,01:48:16.518519300,145.7662124633789
452,01:48:16.652523900,147.7662124633789
453,01:48:16.779529,149.7662124633789
454,01:48:16.904516,151.7662124633789
455,01:48:17.030096900,153.77989959716797
456,01:48:17.149100100,156.2642593383789
457,01:48:17.286089,158.2642593383789
458,01:48:17.418090300,160.2642593383789
459,01:48:17.579179400,162.2642593383789
460,01:48:17.736168500,164.2642593383789
461,01:48:17.899262900,166.7662124633789
462,01:48:18.065281300,168.7662124633789
463,01:48:18.215261200,170.77989959716797
464,01:48:18.360286900,172.7662124633789
465,01:48:18.495260900,125.2386245727539
466,01:48:18.649266500,127.73162078857422
467,01:48:18.780261600,129.73162078857422
468,01:48:18.909414900,131.73162078857422
469,01:48:19.038417900,133.73162078857422
470,01:48:19.165425200,135.73162078857422
471,01:48:19.329474100,137.73162078857422
472,01:48:19.472473500,140.23357391357422
473,01:48:19.598483700,142.23357391357422
474,01:48:19.741481,144.23357391357422
475,01:48:19.869482600,146.23357391357422
476,01:48:19.999993600,148.23357391357422
477,01:48:20.149987800,150.73162078857422
478,01:48:20.279994100,152.73162078857422
479,01:48:20.418995800,154.73162078857422
480,01:48:20.546003400,156.73162078857422
481,01:48:20.675998500,158.73162078857422
482,01:48:20.812989500,160.73162078857422
483,01:48:20.928989900,163.23357391357422
484,01:48:21.068945800,165.24726104736328
485,01:48:21.209955800,167.23357391357422
486,01:48:21.413959500,169.23357391357422
487,01:48:21.618022800,171.23357391357422
488,01:48:21.834024500,173.73162078857422
489,01:48:22.042008300,175.73162078857422
490,01:48:22.232150300,131.85450744628906
491,01:48:22.435152200,133.85450744628906
492,01:48:22.617146900,135.85450744628906
493,01:48:22.802195500,138.35646057128906
494,01:48:22.941200400,140.35646057128906
495,01:48:23.086193800,142.35646057128906
496,01:48:23.223205300,144.35646057128906
497,01:48:23.370193200,146.35646057128906
498,01:48:23.498196800,148.85450744628906
499,01:48:23.630201200,150.85450744628906
500,01:48:23.762203900,152.85450744628906
501,01:48:23.886209900,154.85450744628906
502,01:48:24.025193,156.85450744628906
503,01:48:24.151250400,158.85450744628906
504,01:48:24.292254800,161.35646057128906
505,01:48:24.424280700,163.35646057128906
506,01:48:24.546257300,165.35646057128906
507,01:48:24.680257800,167.35646057128906
508,01:48:24.810324200,169.35646057128906
509,01:48:24.939330500,171.85450744628906
510,01:48:25.077334700,173.85450744628906
511,01:48:25.204399300,175.85450744628906
512,01:48:25.342397500,137.0
513,01:48:25.510395300,139.0
514,01:48:25.657802,141.0
515,01:48:25.832792600,143.501953125
516,01:48:25.988803400,145.501953125
517,01:48:26.114812400,147.501953125
518,01:48:26.256390600,149.501953125
519,01:48:26.390401300,151.501953125
520,01:48:26.518390900,154.0
521,01:48:26.649393600,156.0
522,01:48:26.775456,158.0
523,01:48:26.910752700,160.0
524,01:48:27.033762600,162.0
525,01:48:27.164754800,164.0
526,01:48:27.300753800,166.501953125
527,01:48:27.424765700,168.501953125
528,01:48:27.558759600,170.501953125
529,01:48:27.686768,172.501953125
530,01:48:27.808759100,174.501953125
531,01:48:27.940765300,176.501953125
532,01:48:28.061770,179.0
533,01:48:28.197201200,181.0
534,01:48:28.347202600,183.0
535,01:48:28.484190900,185.0
536,01:48:28.618191,187.0
537,01:48:28.736201500,189.501953125
538,01:48:28.872199300,191.501953125
539,01:48:28.994205400,193.50782775878906
540,01:48:29.122191100,195.501953125
541,01:48:29.249515800,197.501953125
542,01:48:29.399529600,142.1719512939453
543,01:48:29.578515400,144.66494750976562
544,01:48:29.713547800,146.66494750976562
545,01:48:29.842540800,148.66494750976562
546,01:48:30.010538800,150.66494750976562
547,01:48:30.144544300,152.66494750976562
548,01:48:30.274783600,155.16690063476562
549,01:48:30.431774500,157.1669158935547
550,01:48:30.573712900,159.1805877685547
551,01:48:30.704695500,161.16690063476562
552,01:48:30.845697100,163.16690063476562
553,01:48:30.976702400,165.16690063476562
554,01:48:31.101750300,167.66494750976562
555,01:48:31.229754200,169.66494750976562
556,01:48:31.353751500,171.66494750976562
557,01:48:31.493751700,173.66494750976562
558,01:48:31.619755800,175.66494750976562
559,01:48:31.747231500,177.66494750976562
560,01:48:31.878235600,180.16690063476562
561,01:48:31.998232400,182.16690063476562
562,01:48:32.130237700,184.16690063476562
563,01:48:32.250246600,186.16690063476562
564,01:48:32.381394400,188.16690063476562
565,01:48:32.519399300,190.66494750976562
566,01:48:32.638397,192.66494750976562
567,01:48:32.768400700,194.66494750976562
568,01:48:32.895405900,196.66494750976562
569,01:48:33.024397,198.66494750976562
570,01:48:33.161412700,200.66494750976562
571,01:48:33.328398100,151.501953125
572,01:48:33.525402400,153.50196838378906
573,01:48:33.755407400,155.51564025878906
574,01:48:33.953102300,157.501953125
575,01:48:34.100110900,159.501953125
576,01:48:34.235102500,161.50782775878906
577,01:48:34.368564600,164.0
578,01:48:34.491557100,166.0
579,01:48:34.627555400,168.0
580,01:48:34.754559800,170.0
581,01:48:34.882554600,172.0
582,01:48:35.011572600,174.0
583,01:48:35.139575500,176.501953125
584,01:48:35.274739900,178.501953125
585,01:48:35.404749100,180.501953125
586,01:48:35.532740800,182.501953125
587,01:48:35.683747300,184.501953125
588,01:48:35.818739500,186.501953125
589,01:48:35.948739100,189.0
590,01:48:36.083754400,191.0
591,01:48:36.208744700,193.0
592,01:48:36.345751500,195.0
593,01:48:36.493807400,197.0
594,01:48:36.662836,199.0
595,01:48:36.852802900,155.1555404663086
596,01:48:37.019800800,157.1504898071289
597,01:48:37.149800300,159.1504898071289
598,01:48:37.284806100,161.1504898071289
599,01:48:37.428900500,163.1504898071289
600,01:48:37.565911400,165.6485366821289
601,01:48:37.731891500,167.6485366821289
602,01:48:37.872626800,169.6485366821289
603,01:48:37.996678500,171.6485366821289
604,01:48:38.132676,173.6485366821289
605,01:48:38.261668600,175.6485366821289
606,01:48:38.386669800,178.1504898071289
607,01:48:38.514732400,180.1504898071289
608,01:48:38.636736200,182.1504898071289
609,01:48:38.786738900,184.1504898071289
610,01:48:38.939735100,186.1504898071289
611,01:48:39.065728,188.16417694091797
612,01:48:39.205725700,190.6485366821289
613,01:48:39.343739100,192.6485366821289
614,01:48:39.468725800,194.6485366821289
615,01:48:39.598726800,196.6485366821289
616,01:48:39.717734900,198.6485366821289
617,01:48:39.853726800,200.6485366821289
618,01:48:39.980837300,203.1504898071289
619,01:48:40.107845,205.1504898071289
620,01:48:40.234837500,207.1504898071289
621,01:48:40.355839400,209.1504898071289
622,01:48:40.498922600,211.1504898071289
623,01:48:40.642944600,213.1504898071289
624,01:48:40.815926900,215.6485366821289
625,01:48:41.012925500,217.6485366821289
626,01:48:41.218929500,219.6485366821289
627,01:48:41.405937700,221.6485366821289
628,01:48:41.567522900,223.6485366821289
629,01:48:41.734533600,225.6485366821289
630,01:48:41.888531,162.12452697753906
631,01:48:42.062631500,164.11947631835938
632,01:48:42.206620700,166.11947631835938
633,01:48:42.344614200,168.11947631835938
634,01:48:42.470632200,170.11947631835938
635,01:48:42.600680800,172.11947631835938
636,01:48:42.722683400,174.61752319335938
637,01:48:42.851688500,176.61752319335938
638,01:48:42.986686800,178.61752319335938
639,01:48:43.103699200,180.61752319335938
640,01:48:43.231687400,182.61752319335938
641,01:48:43.370034200,184.61752319335938
642,01:48:43.516035800,187.11947631835938
643,01:48:43.655035300,189.11947631835938
644,01:48:43.770033900,191.12535095214844
645,01:48:43.904027600,193.11947631835938
646,01:48:44.030109600,195.11947631835938
647,01:48:44.161107,197.11947631835938
648,01:48:44.294108400,199.61752319335938
649,01:48:44.410120,201.61752319335938
650,01:48:44.550520800,203.61752319335938
651,01:48:44.680531700,205.61752319335938
652,01:48:44.829524200,207.61752319335938
653,01:48:44.998522,209.61752319335938
654,01:48:45.162520500,212.11947631835938
655,01:48:45.307519400,214.11947631835938
656,01:48:45.442519200,216.12535095214844
657,01:48:45.567857600,218.11947631835938
658,01:48:45.702849100,220.11947631835938
659,01:48:45.831850900,222.11947631835938
660,01:48:45.956846500,224.61752319335938
661,01:48:46.093883200,226.61752319335938
662,01:48:46.223884900,228.61752319335938
663,01:48:46.364874300,170.23648071289062
664,01:48:46.535876500,172.23648071289062
665,01:48:46.695877800,174.23648071289062
666,01:48:46.890884200,176.73843383789062
667,01:48:47.057879500,178.73843383789062
668,01:48:47.194881500,180.7443084716797
669,01:48:47.328880,182.73843383789062
670,01:48:47.454776,184.73843383789062
671,01:48:47.585774600,186.73843383789062
672,01:48:47.722784600,189.23648071289062
673,01:48:47.857792300,191.23648071289062
674,01:48:48.031787900,193.23648071289062
675,01:48:48.178781100,195.23648071289062
676,01:48:48.306782600,197.23648071289062
677,01:48:48.436782,199.23648071289062
678,01:48:48.568787700,201.73843383789062
679,01:48:48.706780900,203.73843383789062
680,01:48:48.846777700,205.7443084716797
681,01:48:48.971775900,207.73843383789062
682,01:48:49.130776900,209.73843383789062
683,01:48:49.282781300,211.73843383789062
684,01:48:49.405785900,214.23648071289062
685,01:48:49.543774800,216.23648071289062
686,01:48:49.679783100,218.23648071289062
687,01:48:49.810783300,220.23648071289062
688,01:48:49.935787800,222.23648071289062
689,01:48:50.052946900,224.23648071289062
690,01:48:50.190947,226.73843383789062
691,01:48:50.316941100,228.73843383789062
692,01:48:50.446947500,176.95399475097656
693,01:48:50.600943400,178.9430694580078
694,01:48:50.725155800,180.9430694580078
695,01:48:50.859153600,182.9430694580078
696,01:48:50.984154200,185.4411163330078
697,01:48:51.122203700,187.4411163330078
698,01:48:51.248202200,189.4411163330078
699,01:48:51.369203500,191.4411163330078
700,01:48:51.496205600,193.4411163330078
701,01:48:51.615255700,195.4411163330078
702,01:48:51.763242800,197.9430694580078
703,01:48:51.893244300,199.9430694580078
704,01:48:52.036243800,201.94894409179688
705,01:48:52.166262100,203.9430694580078
706,01:48:52.295243,205.9430694580078
707,01:48:52.423255700,207.94894409179688
708,01:48:52.548246200,210.4411163330078
709,01:48:52.676250500,212.4411163330078
710,01:48:52.796299,214.4411163330078
711,01:48:52.931303800,216.4411163330078
712,01:48:53.064320200,218.4411163330078
713,01:48:53.188308500,220.4411163330078
714,01:48:53.329304100,222.9430694580078
715,01:48:53.461309300,224.9430694580078
716,01:48:53.598304900,226.95675659179688
717,01:48:53.727307800,228.9430694580078
718,01:48:53.847490,230.9430694580078
719,01:48:53.981489200,232.95675659179688
720,01:48:54.104492700,235.4411163330078
721,01:48:54.232480500,237.4411163330078
722,01:48:54.365452400,239.4411163330078
723,01:48:54.489453300,241.4411163330078
724,01:48:54.618453600,243.4411163330078
725,01:48:54.741458700,245.4411163330078
726,01:48:54.864669500,247.9430694580078
727,01:48:55.019288500,249.9430694580078
728,01:48:55.149283900,251.9430694580078
729,01:48:55.276286,253.9430694580078
730,01:48:55.399279,255.9433135986328
731,01:48:55.531278700,257.9430694580078
732,01:48:55.656292,187.0
733,01:48:55.801281,189.0
734,01:48:55.937284700,191.0
735,01:48:56.065283200,193.0
736,01:48:56.192290700,195.0
737,01:48:56.349292900,197.0
738,01:48:56.508300800,199.501953125
739,01:48:56.668298,201.501953125
740,01:48:56.824280600,203.501953125
741,01:48:56.966292300,205.501953125
742,01:48:57.099290900,207.501953125
743,01:48:57.233279500,209.501953125
744,01:48:57.356291800,211.501953125
745,01:48:57.484278900,214.0
746,01:48:57.613294400,216.0
747,01:48:57.732295,218.0
748,01:48:57.863290800,220.0
749,01:48:57.987291700,222.0
750,01:48:58.117288300,224.0
751,01:48:58.241281700,226.501953125
752,01:48:58.359286,228.501953125
753,01:48:58.490285700,230.50782775878906
754,01:48:58.608279200,232.501953125
755,01:48:58.739285800,234.501953125
756,01:48:58.850278600,236.50782775878906
757,01:48:58.976279300,239.0
758,01:48:59.093279700,241.0
759,01:48:59.223279600,243.0
760,01:48:59.341289200,245.0
761,01:48:59.476289500,247.0
762,01:48:59.616287500,249.0
763,01:48:59.761703700,251.501953125
764,01:48:59.895700500,253.501953125
765,01:49:00.023706800,255.501953125
766,01:49:00.164696300,257.501953125
767,01:49:00.289713600,259.50196838378906
768,01:49:00.415696500,261.501953125
769,01:49:00.551698200,196.24295806884766
770,01:49:00.773706300,198.24295806884766
771,01:49:00.947846800,200.24295806884766
772,01:49:01.167845,202.24295806884766
773,01:49:01.330848400,204.24295806884766
774,01:49:01.462840700,206.24295806884766
775,01:49:01.586849900,208.74491119384766
776,01:49:01.718846300,210.74491119384766
777,01:49:01.833850200,212.74491119384766
778,01:49:01.958976,214.74515533447266
779,01:49:02.093975500,216.74491119384766
780,01:49:02.213969,219.24295806884766
781,01:49:02.335981600,221.24295806884766
782,01:49:02.454901700,223.24295806884766
783,01:49:02.576911300,225.24295806884766
784,01:49:02.697909900,227.24295806884766
785,01:49:02.825916500,229.24295806884766
786,01:49:02.946944300,231.24295806884766
787,01:49:03.075932400,233.74491119384766
788,01:49:03.200942100,235.74491119384766
789,01:49:03.332938800,237.75078582763672
790,01:49:03.459932700,239.74491119384766
791,01:49:03.575938500,241.74491119384766
792,01:49:03.708935,243.75078582763672
793,01:49:03.830011500,246.24295806884766
794,01:49:03.953999,248.24295806884766
795,01:49:04.081008100,250.24295806884766
796,01:49:04.203003700,252.24295806884766
797,01:49:04.335999500,254.24295806884766
798,01:49:04.457001,256.24295806884766
799,01:49:04.575999200,258.74491119384766
800,01:49:04.698995500,260.74491119384766
801,01:49:04.825017700,203.13387298583984
802,01:49:04.993026900,205.13387298583984
803,01:49:05.120030200,207.13411712646484
804,01:49:05.252017400,209.13387298583984
805,01:49:05.379037500,211.63191986083984
806,01:49:05.503017700,213.63191986083984
807,01:49:05.635020600,215.63191986083984
808,01:49:05.754026500,217.63191986083984
809,01:49:05.888017900,219.63191986083984
810,01:49:06.011064500,221.63191986083984
811,01:49:06.140057800,223.63191986083984
812,01:49:06.280499600,226.13387298583984
813,01:49:06.432496500,228.13387298583984
814,01:49:06.585559300,230.1397476196289
815,01:49:06.742567700,232.13387298583984
816,01:49:06.861567200,234.13387298583984
817,01:49:07.001567400,236.1397476196289
818,01:49:07.135577600,238.63191986083984
819,01:49:07.269569500,240.63191986083984
820,01:49:07.400567400,242.63191986083984
821,01:49:07.518578400,244.63191986083984
822,01:49:07.648572,246.63191986083984
823,01:49:07.763582800,248.63191986083984
824,01:49:07.883897,251.13387298583984
825,01:49:08.019928600,253.13387298583984
826,01:49:08.146895700,255.13387298583984
827,01:49:08.271907500,257.13387298583984
828,01:49:08.383905800,259.13387298583984
829,01:49:08.520902700,261.13387298583984
830,01:49:08.631896,263.13387298583984
831,01:49:08.757897200,265.63191986083984
832,01:49:08.870895200,267.63191986083984
833,01:49:09.004895300,269.63191986083984
834,01:49:09.137897500,271.63191986083984
835,01:49:09.274900100,273.63191986083984
836,01:49:09.405900200,275.63191986083984
837,01:49:09.541910900,278.13387298583984
838,01:49:09.695899600,280.13387298583984
839,01:49:09.845902100,282.13387298583984
840,01:49:09.982902,284.13387298583984
841,01:49:10.117015,286.13387298583984
842,01:49:10.234040200,288.13387298583984
843,01:49:10.362020400,290.13387298583984
844,01:49:10.482029100,292.63191986083984
845,01:49:10.615028400,294.63191986083984
846,01:49:10.736038400,212.0
847,01:49:10.906036,214.0
848,01:49:11.057030600,216.0
849,01:49:11.201069,218.001953125
850,01:49:11.333073100,220.501953125
851,01:49:11.487062800,222.501953125
852,01:49:11.638066100,224.501953125
853,01:49:11.790065300,226.501953125
854,01:49:11.950060900,228.501953125
855,01:49:12.099066500,230.501953125
856,01:49:12.243060200,233.0
857,01:49:12.393062600,235.0
858,01:49:12.534067500,237.0
859,01:49:12.688064500,239.0
860,01:49:12.850061700,241.0
861,01:49:12.969063,243.0
862,01:49:13.096062400,245.0
863,01:49:13.216066,247.501953125
864,01:49:13.342062300,249.502197265625
865,01:49:13.463063900,251.501953125
866,01:49:13.578062300,253.501953125
867,01:49:13.706059500,255.501953125
868,01:49:13.831066500,257.501953125
869,01:49:13.965061600,259.501953125
870,01:49:14.083065200,262.0
871,01:49:14.211063200,264.0
872,01:49:14.339066100,266.0
873,01:49:14.460063800,268.0
874,01:49:14.594060200,270.0
875,01:49:14.727067900,272.0
876,01:49:14.878060400,274.501953125
877,01:49:15.028072200,276.502197265625
878,01:49:15.161232300,278.501953125
879,01:49:15.294225600,280.501953125
880,01:49:15.409232400,282.501953125
881,01:49:15.535316,284.501953125
882,01:49:15.661317700,286.501953125
883,01:49:15.775313700,289.0
884,01:49:15.922313600,291.0
885,01:49:16.046316200,293.0
886,01:49:16.178310600,295.0
887,01:49:16.300310400,297.0
888,01:49:16.424313400,299.0
889,01:49:16.586318500,224.4107666015625
890,01:49:16.754324300,226.4107666015625
891,01:49:16.917319800,227.4107666015625
892,01:49:17.115316800,229.4107666015625
893,01:49:17.287313100,231.4107666015625
894,01:49:17.413316,233.4107666015625
895,01:49:17.543313100,235.4107666015625
896,01:49:17.657326100,237.9088134765625
897,01:49:17.791311400,239.9088134765625
898,01:49:17.943313200,241.9088134765625
899,01:49:18.073325800,243.9088134765625
900,01:49:18.206314900,245.9088134765625
901,01:49:18.333312300,247.9088134765625
902,01:49:18.463312100,250.4107666015625
903,01:49:18.602335400,252.4107666015625
904,01:49:18.712333100,254.4107666015625
905,01:49:18.841335100,256.4107666015625
906,01:49:18.958331,258.4107666015625
907,01:49:19.092334,260.4107666015625
908,01:49:19.212345100,262.41664123535156
909,01:49:19.366335500,264.9088134765625
910,01:49:19.499333600,266.9088134765625
911,01:49:19.619343600,268.9088134765625
912,01:49:19.776344500,270.9088134765625
913,01:49:19.930335,272.9088134765625
914,01:49:20.061333700,274.9088134765625
915,01:49:20.188336400,276.9088134765625
916,01:49:20.308336500,279.4107666015625
917,01:49:20.436332700,281.4107666015625
918,01:49:20.564338800,283.42445373535156
919,01:49:20.711340100,285.4107666015625
920,01:49:20.850334,287.4107666015625
921,01:49:20.976340500,289.42445373535156
922,01:49:21.101331200,291.9088134765625
923,01:49:21.216338300,293.9088134765625
924,01:49:21.328333800,295.9088134765625
925,01:49:21.455336100,297.9088134765625
926,01:49:21.569331100,299.9088134765625
927,01:49:21.691333800,231.98025512695312
928,01:49:21.827338500,233.98025512695312
929,01:49:21.956336,236.48220825195312
930,01:49:22.092336700,238.48220825195312
931,01:49:22.209333900,240.48220825195312
932,01:49:22.326334500,242.48220825195312
933,01:49:22.444331100,244.48220825195312
934,01:49:22.564338,246.48220825195312
935,01:49:22.685333200,248.48220825195312
936,01:49:22.803340900,250.98025512695312
937,01:49:22.922335200,252.98025512695312
938,01:49:23.033336100,254.98025512695312
939,01:49:23.154335500,256.9802551269531
940,01:49:23.284343,258.9802551269531
941,01:49:23.437336300,260.9802551269531
942,01:49:23.584334400,263.4822082519531
943,01:49:23.701338700,265.4822082519531
944,01:49:23.826333600,267.4822082519531
945,01:49:23.944340100,269.4880828857422
946,01:49:24.082333800,271.4822082519531
947,01:49:24.213332900,273.4822082519531
948,01:49:24.330398100,275.4822082519531
949,01:49:24.459397300,277.9802551269531
950,01:49:24.571397,279.9802551269531
951,01:49:24.699400800,281.9802551269531
952,01:49:24.807400200,283.9802551269531
953,01:49:24.930400900,285.9802551269531
954,01:49:25.040397,287.9802551269531
955,01:49:25.167399500,289.9802551269531
956,01:49:25.282399600,292.4822082519531
957,01:49:25.411399400,294.4822082519531
958,01:49:25.524397,296.4822082519531
959,01:49:25.656400600,298.4822082519531
960,01:49:25.767399500,300.4822082519531
961,01:49:25.910399800,302.9802551269531
962,01:49:26.052413,304.9802551269531
963,01:49:26.228402200,306.9802551269531
964,01:49:26.409402800,308.9802551269531
965,01:49:26.593428200,311.4822082519531
966,01:49:26.771414700,313.4822082519531
967,01:49:26.932399300,315.4822082519531
968,01:49:27.061400400,317.4822082519531
969,01:49:27.182399,319.4822082519531
970,01:49:27.311399900,321.4822082519531
971,01:49:27.428400300,323.4958953857422
972,01:49:27.554401400,325.9802551269531
973,01:49:27.680403700,327.9802551269531
974,01:49:27.800413400,329.9802551269531
975,01:49:27.938402500,331.9802551269531
976,01:49:28.060403700,333.9802551269531
977,01:49:28.184402100,335.9802551269531
978,01:49:28.315809900,241.23590850830078
979,01:49:28.485810,243.73786163330078
980,01:49:28.621802100,245.73786163330078
981,01:49:28.749805,247.73786163330078
982,01:49:28.860800,249.73786163330078
983,01:49:29.006811100,251.73786163330078
984,01:49:29.144803100,253.73786163330078
985,01:49:29.303800300,255.75154876708984
986,01:49:29.435801900,258.2359085083008
987,01:49:29.551803600,260.2359085083008
988,01:49:29.686837800,262.2359085083008
989,01:49:29.803831700,264.2359085083008
990,01:49:29.926835200,266.2359085083008
991,01:49:30.059832700,268.2359085083008
992,01:49:30.183833600,270.2359085083008
993,01:49:30.304837200,272.2378616333008
994,01:49:30.422833,274.7378616333008
995,01:49:30.550833800,276.7378616333008
996,01:49:30.665834800,278.7378616333008
997,01:49:30.790833100,280.7378616333008
998,01:49:30.898832900,282.74373626708984
999,01:49:31.017842700,285.2359085083008
1000,01:49:31.128833400,287.2359085083008
