Total Objects, Sample Time,Memory Usage (MB)
4001,15:00:06.847257900,1198.001953125
4002,15:00:06.891267800,1200.0
4003,15:00:06.934277300,1202.001953125
4004,15:00:06.992290400,1204.0
4005,15:00:07.047302700,1206.001953125
4006,15:00:07.090312200,1208.0
4007,15:00:07.132322300,1210.001953125
4008,15:00:07.176332600,1212.0
4009,15:00:07.234345300,1214.001953125
4010,15:00:07.285356200,1216.0
4011,15:00:07.328365800,1218.001953125
4012,15:00:07.370375200,1220.0
4013,15:00:07.427388200,1222.001953125
4014,15:00:07.484450700,1224.0
4015,15:00:07.526460500,1226.001953125
4016,15:00:07.567469400,1228.0
4017,15:00:07.611479100,1230.001953125
4018,15:00:07.666668800,1232.0
4019,15:00:07.718226400,1234.001953125
4020,15:00:07.760235700,1236.0
4021,15:00:07.803245300,1238.001953125
4022,15:00:07.857257600,1240.0
4023,15:00:07.913270100,1242.001953125
4024,15:00:07.957279800,1244.0
4025,15:00:07.998289,1246.001953125
4026,15:00:08.041299,1248.0
4027,15:00:08.099312200,1250.001953125
4028,15:00:08.151323700,1252.0
4029,15:00:08.193411500,1254.001953125
4030,15:00:08.235420800,1256.0
4031,15:00:08.291434,1258.001953125
4032,15:00:08.347446200,1260.0
4033,15:00:08.391456,958.6943969726562
4034,15:00:08.473474300,960.5959091186523
4035,15:00:08.535488700,962.5978622436523
4036,15:00:08.591500900,964.5959091186523
4037,15:00:08.639511900,966.5978622436523
4038,15:00:08.692523700,968.5959091186523
4039,15:00:08.761539800,962.5978622436523
4040,15:00:08.824553600,964.5959091186523
4041,15:00:08.891568200,966.5978622436523
4042,15:00:08.964584700,968.5959091186523
4043,15:00:09.018596800,970.5978622436523
4044,15:00:09.062606700,972.5959091186523
4045,15:00:09.103616,974.5978622436523
4046,15:00:09.147626800,976.5959091186523
4047,15:00:09.205639600,978.5978622436523
4048,15:00:09.259651100,980.5959091186523
4049,15:00:09.303660900,982.5978622436523
4050,15:00:09.345670400,984.5959091186523
4051,15:00:09.404683100,986.5978622436523
4052,15:00:09.459696100,988.5959091186523
4053,15:00:09.505706300,988.5959091186523
4054,15:00:09.547719600,990.5978622436523
4055,15:00:09.592730700,992.5959091186523
4056,15:00:09.655744,994.6037368774414
4057,15:00:09.706755300,996.5959091186523
4058,15:00:09.750764700,998.6037368774414
4059,15:00:09.792774200,1000.5959091186523
4060,15:00:09.851788300,1002.5978622436523
4061,15:00:09.908800800,1004.5959091186523
4062,15:00:09.952810600,1006.6037368774414
4063,15:00:09.996820500,1008.5959091186523
4064,15:00:10.045832800,1010.6037368774414
4065,15:00:10.104845100,1012.5959091186523
4066,15:00:10.154856100,1014.5978622436523
4067,15:00:10.198866400,1016.5959091186523
4068,15:00:10.240875400,1018.5978622436523
4069,15:00:10.295888100,1020.5959091186523
4070,15:00:10.353901,1022.5978622436523
4071,15:00:10.398911200,1024.5959091186523
4072,15:00:10.440920400,1026.6037368774414
4073,15:00:10.484930200,1028.5959091186523
4074,15:00:10.545944300,1030.5978622436523
4075,15:00:10.597955900,1032.5959091186523
4076,15:00:10.640965200,1034.5978622436523
4077,15:00:10.682974800,1036.5959091186523
4078,15:00:10.739987800,1038.5978622436523
4079,15:00:10.796000200,1040.5959091186523
4080,15:00:10.840010500,1042.5978622436523
4081,15:00:10.890021300,1044.5959091186523
4082,15:00:10.937032,1046.5978622436523
4083,15:00:10.992929600,1048.5959091186523
4084,15:00:11.044258800,1050.5978622436523
4085,15:00:11.088464400,1052.5959091186523
4086,15:00:11.131473900,1054.5978622436523
4087,15:00:11.196488900,1056.5959091186523
4088,15:00:11.250500900,1058.6037368774414
4089,15:00:11.293510400,1060.5959091186523
4090,15:00:11.337520300,1062.6115493774414
4091,15:00:11.380529900,1064.5959091186523
4092,15:00:11.436542500,1066.6115493774414
4093,15:00:11.490554600,1068.5959091186523
4094,15:00:11.546567500,1070.5978622436523
4095,15:00:11.592577700,1072.5959091186523
4096,15:00:11.650590600,1074.5978622436523
4097,15:00:11.703602600,1076.5959091186523
4098,15:00:11.747612800,1078.5978622436523
4099,15:00:11.788621500,1080.5959091186523
4100,15:00:11.843634600,1082.5978622436523
4101,15:00:11.900646900,1084.5959091186523
4102,15:00:11.943656600,1086.5978622436523
4103,15:00:11.985665900,1088.5959091186523
4104,15:00:12.032676700,1090.5978622436523
4105,15:00:12.089689400,1092.5959091186523
4106,15:00:12.141701,1094.5978622436523
4107,15:00:12.183710400,1096.5959091186523
4108,15:00:12.225719700,1098.5978622436523
4109,15:00:12.282732,1100.5959091186523
4110,15:00:12.339745600,1102.5978622436523
4111,15:00:12.384756,1104.5959091186523
4112,15:00:12.425764900,1106.5978622436523
4113,15:00:12.469774600,1108.5959091186523
4114,15:00:12.526787700,1110.6115493774414
4115,15:00:12.581800,1112.5959091186523
4116,15:00:12.625809800,1114.6115493774414
4117,15:00:12.668819200,1116.5959091186523
4118,15:00:12.724833,1118.6115493774414
4119,15:00:12.782845,1120.5959091186523
4120,15:00:12.826855100,1122.5978622436523
4121,15:00:12.869864700,1124.5959091186523
4122,15:00:12.915875500,1126.5978622436523
4123,15:00:12.974888300,1128.5959091186523
4124,15:00:13.024899400,1130.5978622436523
4125,15:00:13.069909400,1132.5959091186523
4126,15:00:13.111919,1134.5978622436523
4127,15:00:13.168931900,1136.5959091186523
4128,15:00:13.224944600,1138.5978622436523
4129,15:00:13.268954100,1140.5959091186523
4130,15:00:13.310963900,1142.5978622436523
4131,15:00:13.352973300,1144.5959091186523
4132,15:00:13.407263,1146.5978622436523
4133,15:00:13.460310100,1148.5959091186523
4134,15:00:13.503322,1150.5978622436523
4135,15:00:13.546331800,1152.5959091186523
4136,15:00:13.605345400,1154.5978622436523
4137,15:00:13.663358,1156.5959091186523
4138,15:00:13.708368300,1158.5978622436523
4139,15:00:13.749377800,1160.5959091186523
4140,15:00:13.792387100,1162.5978622436523
4141,15:00:13.847400100,1164.5959091186523
4142,15:00:13.899411200,1166.5978622436523
4143,15:00:13.942420900,1168.5959091186523
4144,15:00:13.983430200,1170.5978622436523
4145,15:00:14.039442600,1172.5959091186523
4146,15:00:14.097456200,1174.5978622436523
4147,15:00:14.143466100,1176.5959091186523
4148,15:00:14.186475700,1176.5959091186523
4149,15:00:14.230485700,1178.5978622436523
4150,15:00:14.288498800,1180.5959091186523
4151,15:00:14.338510,1182.6037368774414
4152,15:00:14.381519500,1184.5959091186523
4153,15:00:14.424529500,1186.6037368774414
4154,15:00:14.478541200,1188.5959091186523
4155,15:00:14.534554,1190.5978622436523
4156,15:00:14.576563400,1192.5959091186523
4157,15:00:14.617572500,1194.6037368774414
4158,15:00:14.659583,1196.5959091186523
4159,15:00:14.716595300,1198.6037368774414
4160,15:00:14.771607200,1200.5959091186523
4161,15:00:14.813616600,1202.5978622436523
4162,15:00:14.855626,1204.5959091186523
4163,15:00:14.910638900,1206.5978622436523
4164,15:00:14.966651,1208.5959091186523
4165,15:00:15.008660400,1210.5978622436523
4166,15:00:15.050669800,1212.5959091186523
4167,15:00:15.092679400,1214.6037368774414
4168,15:00:15.150692800,1216.5959091186523
4169,15:00:15.205704700,1218.5978622436523
4170,15:00:15.248714700,1220.5959091186523
4171,15:00:15.289723600,1222.5978622436523
4172,15:00:15.343736400,1224.5959091186523
4173,15:00:15.400748800,1226.5978622436523
4174,15:00:15.445758500,1228.5959091186523
4175,15:00:15.490768600,1230.5978622436523
4176,15:00:15.533778400,1232.5959091186523
4177,15:00:15.591791500,1234.6115493774414
4178,15:00:15.643803400,1236.5959091186523
4179,15:00:15.687813,1238.5978622436523
4180,15:00:15.729822300,1240.5959091186523
4181,15:00:15.783582,982.0121688842773
4182,15:00:15.859599400,983.9874877929688
4183,15:00:15.902609,985.9894409179688
4184,15:00:15.942618100,987.9874877929688
4185,15:00:15.993629500,989.9894409179688
4186,15:00:16.050642,991.9874877929688
4187,15:00:16.094652,993.9894409179688
4188,15:00:16.137661800,995.9874877929688
4189,15:00:16.184671700,997.9894409179688
4190,15:00:16.242685400,999.9874877929688
4191,15:00:16.295696900,1001.9894409179688
4192,15:00:16.336707,1003.9874877929688
4193,15:00:16.377715900,1005.9894409179688
4194,15:00:16.432728200,1007.9874877929688
4195,15:00:16.489740800,1009.9894409179688
4196,15:00:16.533751300,1011.9874877929688
4197,15:00:16.574759900,1013.9894409179688
4198,15:00:16.624771,1015.9874877929688
4199,15:00:16.687785500,1017.9894409179688
4200,15:00:16.736796600,1019.9874877929688
4201,15:00:16.778805800,1021.9894409179688
4202,15:00:16.819815,1023.9874877929688
4203,15:00:16.873327400,1026.0031280517578
4204,15:00:16.930614,1027.9874877929688
4205,15:00:16.974623100,1029.9894409179688
4206,15:00:17.016632600,1031.9874877929688
4207,15:00:17.059642600,1033.9894409179688
4208,15:00:17.130658200,1035.9874877929688
4209,15:00:17.183670200,1037.9894409179688
4210,15:00:17.226679800,1039.9874877929688
4211,15:00:17.271690,1041.9894409179688
4212,15:00:17.330703400,1043.9874877929688
4213,15:00:17.381715,1045.9894409179688
4214,15:00:17.422723900,1047.9874877929688
4215,15:00:17.465733700,1049.9894409179688
4216,15:00:17.525746900,1051.9874877929688
4217,15:00:17.584760200,1053.9894409179688
4218,15:00:17.627770700,1055.9874877929688
4219,15:00:17.669779400,1057.9894409179688
4220,15:00:17.715789700,1059.9874877929688
4221,15:00:17.774802400,1061.9894409179688
4222,15:00:17.826814600,1063.9874877929688
4223,15:00:17.868824,1065.9894409179688
4224,15:00:17.908833300,1067.9874877929688
4225,15:00:17.962844700,1067.9894409179688
4226,15:00:18.018857700,1069.9894409179688
4227,15:00:18.062867700,1071.9874877929688
4228,15:00:18.105877800,1073.9894409179688
4229,15:00:18.148887500,1075.9874877929688
4230,15:00:18.205900400,1077.9953155517578
4231,15:00:18.260912400,1079.9874877929688
4232,15:00:18.302921700,1081.9894409179688
4233,15:00:18.342930600,1083.9874877929688
4234,15:00:18.400943700,1085.9953155517578
4235,15:00:18.455956,1087.9874877929688
4236,15:00:18.500966100,1089.9953155517578
4237,15:00:18.543975900,1091.9874877929688
4238,15:00:18.589986400,1093.9894409179688
4239,15:00:18.646999400,1095.9874877929688
4240,15:00:18.699011100,1097.9894409179688
4241,15:00:18.740019800,1099.9874877929688
4242,15:00:18.784029700,1101.9894409179688
4243,15:00:18.838041900,1103.9874877929688
4244,15:00:18.896055100,1105.9953155517578
4245,15:00:18.941065100,1107.9874877929688
4246,15:00:18.983074800,1109.9894409179688
4247,15:00:19.028084400,1111.9874877929688
4248,15:00:19.085097400,1113.9894409179688
4249,15:00:19.136109200,1115.9874877929688
4250,15:00:19.178118100,1117.9894409179688
4251,15:00:19.219127600,1119.9874877929688
4252,15:00:19.276140200,1121.9894409179688
4253,15:00:19.331152500,1123.9874877929688
4254,15:00:19.375162500,1126.0031280517578
4255,15:00:19.416172200,1127.9874877929688
4256,15:00:19.460181400,1129.9894409179688
4257,15:00:19.517194600,1131.9874877929688
4258,15:00:19.570205800,1133.9894409179688
4259,15:00:19.614216600,1135.9874877929688
4260,15:00:19.655225600,1137.9894409179688
4261,15:00:19.708763500,1139.9874877929688
4262,15:00:19.764063100,1141.9894409179688
4263,15:00:19.810073,1143.9874877929688
4264,15:00:19.855083100,1145.9894409179688
4265,15:00:19.900093400,1147.9874877929688
4266,15:00:19.958106200,1149.9953155517578
4267,15:00:20.008117500,1151.9874877929688
4268,15:00:20.052127500,1154.0031280517578
4269,15:00:20.093137100,1155.9874877929688
4270,15:00:20.150149600,1158.0031280517578
4271,15:00:20.213163500,1159.9874877929688
4272,15:00:20.256173300,1161.9894409179688
4273,15:00:20.299182900,1163.9874877929688
4274,15:00:20.345192600,1165.9894409179688
4275,15:00:20.404207100,1167.9874877929688
4276,15:00:20.453217700,1169.9894409179688
4277,15:00:20.495227100,1171.9874877929688
4278,15:00:20.538236600,1173.9894409179688
4279,15:00:20.591251600,1175.9874877929688
4280,15:00:20.654264300,1177.9894409179688
4281,15:00:20.702275200,1179.9874877929688
4282,15:00:20.751286500,1181.9894409179688
4283,15:00:20.817803400,1183.9874877929688
4284,15:00:20.885819200,1185.9894409179688
4285,15:00:20.929829100,1187.9874877929688
4286,15:00:20.973839,1189.9894409179688
4287,15:00:21.026851100,1191.9874877929688
4288,15:00:21.079862700,1194.0031280517578
4289,15:00:21.126344800,1195.9874877929688
4290,15:00:21.168354600,1197.9894409179688
4291,15:00:21.211363600,1199.9874877929688
4292,15:00:21.267376700,1201.9894409179688
4293,15:00:21.323388900,1203.9874877929688
4294,15:00:21.364398600,1205.9894409179688
4295,15:00:21.405407300,1207.9874877929688
4296,15:00:21.459419700,1209.9894409179688
4297,15:00:21.515432400,1211.9874877929688
4298,15:00:21.557441700,1213.9894409179688
4299,15:00:21.600698100,1215.9874877929688
4300,15:00:21.641708600,1217.9953155517578
4301,15:00:21.699720800,1217.9953155517578
4302,15:00:21.753732500,1219.9874877929688
4303,15:00:21.797742400,1221.9894409179688
4304,15:00:21.840752100,1223.9874877929688
4305,15:00:21.899765,1225.9894409179688
4306,15:00:21.954777800,1227.9874877929688
4307,15:00:21.998787800,1229.9894409179688
4308,15:00:22.042797500,1231.9874877929688
4309,15:00:22.090808600,1233.9894409179688
4310,15:00:22.146821500,1235.9874877929688
4311,15:00:22.195065500,1237.9953155517578
4312,15:00:22.238075600,1239.9874877929688
4313,15:00:22.281084700,1241.9894409179688
4314,15:00:22.336147100,1243.9874877929688
4315,15:00:22.394712300,1245.9894409179688
4316,15:00:22.438722200,1247.9874877929688
4317,15:00:22.480728800,1250.0031280517578
4318,15:00:22.526739,1251.9874877929688
4319,15:00:22.585752800,1254.0031280517578
4320,15:00:22.637764100,1255.9874877929688
4321,15:00:22.679773300,1258.0031280517578
4322,15:00:22.722783,1259.9874877929688
4323,15:00:22.775794900,1261.9894409179688
4324,15:00:22.833808200,1263.9874877929688
4325,15:00:22.878818100,1265.9894409179688
4326,15:00:22.921828,1267.9874877929688
4327,15:00:22.968838300,1269.9894409179688
4328,15:00:23.027852400,1271.9874877929688
4329,15:00:23.077862800,1273.9894409179688
4330,15:00:23.119872500,1275.9874877929688
4331,15:00:23.161881800,1277.9894409179688
4332,15:00:23.217894300,1279.9874877929688
4333,15:00:23.277908300,1281.9894409179688
4334,15:00:23.335920700,1283.9874877929688
4335,15:00:23.377930100,1285.9894409179688
4336,15:00:23.430941800,1287.9874877929688
4337,15:00:23.485954700,1289.9894409179688
4338,15:00:23.530964600,1291.9874877929688
4339,15:00:23.572973900,1293.9894409179688
4340,15:00:23.615286400,1295.9874877929688
4341,15:00:23.670298500,1297.9953155517578
4342,15:00:23.723310800,1299.9874877929688
4343,15:00:23.767320800,1301.9894409179688
4344,15:00:23.810330500,1303.9874877929688
4345,15:00:23.870344100,1305.9953155517578
4346,15:00:23.926356600,1307.9874877929688
4347,15:00:23.970366900,1309.9894409179688
4348,15:00:24.011375700,1311.9874877929688
4349,15:00:24.056385800,1313.9894409179688
4350,15:00:24.112398400,1315.9874877929688
4351,15:00:24.164684100,1317.9894409179688
4352,15:00:24.210009500,1319.9874877929688
4353,15:00:24.252019100,1321.9894409179688
4354,15:00:24.303030300,1323.9874877929688
4355,15:00:24.357251200,1325.9894409179688
4356,15:00:24.401260800,1327.9874877929688
4357,15:00:24.447271400,1329.9894409179688
4358,15:00:24.492281600,1331.9874877929688
4359,15:00:24.553295100,1333.9894409179688
4360,15:00:24.607307,1335.9874877929688
4361,15:00:24.648604700,1337.9894409179688
4362,15:00:24.691614300,1339.9874877929688
4363,15:00:24.749307400,1342.0031280517578
4364,15:00:24.804319500,1343.9874877929688
4365,15:00:24.847329200,1345.9894409179688
4366,15:00:24.889338900,1347.9874877929688
4367,15:00:24.934348800,1349.9894409179688
4368,15:00:24.992362,1351.9874877929688
4369,15:00:25.046374,1353.9894409179688
4370,15:00:25.090383800,1355.9874877929688
4371,15:00:25.133393600,1357.9894409179688
4372,15:00:25.189406100,1359.9874877929688
4373,15:00:25.244314,1361.9894409179688
4374,15:00:25.287323700,1363.9874877929688
4375,15:00:25.331333600,1365.9953155517578
4376,15:00:25.375343600,1365.9953155517578
4377,15:00:25.437357600,1367.9874877929688
4378,15:00:25.488369,1369.9894409179688
4379,15:00:25.532378900,1371.9874877929688
4380,15:00:25.574388100,1373.9894409179688
4381,15:00:25.630400600,1375.9874877929688
4382,15:00:25.689763,1377.9894409179688
4383,15:00:25.732772900,1379.9874877929688
4384,15:00:25.774782500,1381.9894409179688
4385,15:00:25.817791300,1383.9874877929688
4386,15:00:25.875805100,1385.9953155517578
4387,15:00:25.929817100,1387.9874877929688
4388,15:00:25.973827500,1389.9894409179688
4389,15:00:26.017836800,1391.9874877929688
4390,15:00:26.074849700,1393.9894409179688
4391,15:00:26.131862700,1395.9874877929688
4392,15:00:26.173871700,1398.0031280517578
4393,15:00:26.216881800,1399.9874877929688
4394,15:00:26.259891100,1402.0031280517578
4395,15:00:26.316904,1403.9874877929688
4396,15:00:26.370150200,1406.0031280517578
4397,15:00:26.415255400,1407.9874877929688
4398,15:00:26.456264700,1409.9894409179688
4399,15:00:26.511509700,1411.9874877929688
4400,15:00:26.569581,1413.9894409179688
4401,15:00:26.613590800,1415.9874877929688
4402,15:00:26.656600400,1417.9894409179688
4403,15:00:26.701610900,1419.9874877929688
4404,15:00:26.758623500,1421.9894409179688
4405,15:00:26.810634900,1423.9874877929688
4406,15:00:26.853644700,1425.9894409179688
4407,15:00:26.895654300,1427.9874877929688
4408,15:00:26.949666200,1429.9894409179688
4409,15:00:27.006679,1431.9874877929688
4410,15:00:27.051689300,1433.9894409179688
4411,15:00:27.092698400,1435.9874877929688
4412,15:00:27.136708600,1437.9894409179688
4413,15:00:27.195721600,1439.9874877929688
4414,15:00:27.249733600,1027.1231079101562
4415,15:00:27.329751600,1029.0858001708984
4416,15:00:27.385764900,1031.0877532958984
4417,15:00:27.444777600,1033.0858001708984
4418,15:00:27.486787,1035.0936279296875
4419,15:00:27.530796800,1037.0858001708984
4420,15:00:27.575807200,1039.0877532958984
4421,15:00:27.633820100,1041.0858001708984
4422,15:00:27.686837600,1043.0936279296875
4423,15:00:27.730847200,1045.0858001708984
4424,15:00:27.770855800,1047.0877532958984
4425,15:00:27.828868900,1049.0858001708984
4426,15:00:27.884881400,1051.0877532958984
4427,15:00:27.928891200,1053.0858001708984
4428,15:00:27.970900700,1055.0877532958984
4429,15:00:28.015910900,1057.0858001708984
4430,15:00:28.071923100,1059.0877532958984
4431,15:00:28.126936300,1061.0858001708984
4432,15:00:28.168945,1063.0877532958984
4433,15:00:28.209954300,1065.0858001708984
4434,15:00:28.266967300,1067.0877532958984
4435,15:00:28.327981,1069.0858001708984
4436,15:00:28.370990600,1071.0877532958984
4437,15:00:28.412999900,1073.0858001708984
4438,15:00:28.460855700,1075.0877532958984
4439,15:00:28.517870,1077.0858001708984
4440,15:00:28.566881,1079.1014404296875
4441,15:00:28.607890200,1081.0858001708984
4442,15:00:28.650899800,1083.0877532958984
4443,15:00:28.706311700,1085.0858001708984
4444,15:00:28.762699200,1087.0877532958984
4445,15:00:28.809709600,1089.0858001708984
4446,15:00:28.851719300,1091.0877532958984
4447,15:00:28.895729200,1093.0858001708984
4448,15:00:28.956386600,1095.0877532958984
4449,15:00:29.008530100,1097.0858001708984
4450,15:00:29.051539500,1099.0877532958984
4451,15:00:29.093548800,1101.0858001708984
4452,15:00:29.147561200,1103.0936279296875
4453,15:00:29.201573200,1103.0936279296875
4454,15:00:29.245583100,1105.0858001708984
4455,15:00:29.287736300,1107.0877532958984
4456,15:00:29.330746100,1109.0858001708984
4457,15:00:29.384758500,1111.0877532958984
4458,15:00:29.441771200,1113.0858001708984
4459,15:00:29.485780900,1115.0877532958984
4460,15:00:29.528790600,1117.0858001708984
4461,15:00:29.583802900,1119.0877532958984
4462,15:00:29.640815800,1121.0858001708984
4463,15:00:29.683825500,1123.0936279296875
4464,15:00:29.723834300,1125.0858001708984
4465,15:00:29.766844100,1127.0877532958984
4466,15:00:29.823856400,1129.0858001708984
4467,15:00:29.876868700,1131.0877532958984
4468,15:00:29.918878200,1133.0858001708984
4469,15:00:29.959887300,1135.1014404296875
4470,15:00:30.016899600,1137.0858001708984
4471,15:00:30.075913600,1139.1014404296875
4472,15:00:30.121923800,1141.0858001708984
4473,15:00:30.164933300,1143.1014404296875
4474,15:00:30.209943600,1145.0858001708984
4475,15:00:30.267956700,1147.0877532958984
4476,15:00:30.317967700,1149.0858001708984
4477,15:00:30.361978100,1151.0877532958984
4478,15:00:30.404987200,1153.0858001708984
4479,15:00:30.463000600,1155.0877532958984
4480,15:00:30.520013800,1157.0858001708984
4481,15:00:30.563022700,1159.0877532958984
4482,15:00:30.606032500,1161.0858001708984
4483,15:00:30.650386300,1163.0877532958984
4484,15:00:30.707399200,1165.0858001708984
4485,15:00:30.763411800,1167.0877532958984
4486,15:00:30.806421400,1169.0858001708984
4487,15:00:30.850431600,1171.0877532958984
4488,15:00:30.899640800,1173.0858001708984
4489,15:00:30.955216400,1175.0877532958984
4490,15:00:30.997256900,1177.0858001708984
4491,15:00:31.040266800,1179.0877532958984
4492,15:00:31.083276700,1181.0858001708984
4493,15:00:31.140289100,1183.0877532958984
4494,15:00:31.194301200,1185.0858001708984
4495,15:00:31.237310700,1187.1014404296875
4496,15:00:31.281320,1189.0858001708984
4497,15:00:31.336333300,1191.1014404296875
4498,15:00:31.395346300,1193.0858001708984
4499,15:00:31.439356,1195.1014404296875
4500,15:00:31.480365400,1197.0858001708984
4501,15:00:31.528376300,1199.0877532958984
4502,15:00:31.585389,1201.0858001708984
4503,15:00:31.638400800,1203.0877532958984
4504,15:00:31.682411200,1205.0858001708984
4505,15:00:31.727411300,1207.0877532958984
4506,15:00:31.785424600,1209.0858001708984
4507,15:00:31.841437100,1211.0877532958984
4508,15:00:31.885446900,1213.0858001708984
4509,15:00:31.925456,1215.0877532958984
4510,15:00:31.969465800,1217.0858001708984
4511,15:00:32.024478200,1219.0877532958984
4512,15:00:32.078490300,1221.0858001708984
4513,15:00:32.121499200,1223.0877532958984
4514,15:00:32.164509500,1225.0858001708984
4515,15:00:32.216521900,1227.0877532958984
4516,15:00:32.272534,1229.0858001708984
4517,15:00:32.314543100,1231.0877532958984
4518,15:00:32.355552400,1233.0858001708984
4519,15:00:32.397562,1235.0877532958984
4520,15:00:32.454575300,1237.0858001708984
4521,15:00:32.508586800,1239.0877532958984
4522,15:00:32.550596200,1241.0858001708984
4523,15:00:32.594606200,1243.0877532958984
4524,15:00:32.652619300,1245.0858001708984
4525,15:00:32.707631800,1247.0877532958984
4526,15:00:32.750641600,1249.0858001708984
4527,15:00:32.792650900,1251.0877532958984
4528,15:00:32.835660500,1253.0858001708984
4529,15:00:32.887953800,1253.0858001708984
4530,15:00:32.939917700,1255.0877532958984
4531,15:00:32.983410900,1257.0858001708984
4532,15:00:33.027420600,1259.0877532958984
4533,15:00:33.082433300,1261.0858001708984
4534,15:00:33.142446600,1263.1014404296875
4535,15:00:33.186456400,1265.0858001708984
4536,15:00:33.228466200,1267.0877532958984
4537,15:00:33.273476500,1269.0858001708984
4538,15:00:33.330488700,1271.0877532958984
4539,15:00:33.383858,1273.0858001708984
4540,15:00:33.430868500,1275.0877532958984
4541,15:00:33.474878400,1277.0858001708984
4542,15:00:33.532891300,1279.0877532958984
4543,15:00:33.587903800,1281.0858001708984
4544,15:00:33.628912900,1283.0877532958984
4545,15:00:33.672922700,1285.0858001708984
4546,15:00:33.728935400,1287.0877532958984
4547,15:00:33.784948,1289.0858001708984
4548,15:00:33.826957400,1291.0877532958984
4549,15:00:33.868967100,1293.0858001708984
4550,15:00:33.911976500,1295.0877532958984
4551,15:00:33.971990600,1297.0858001708984
4552,15:00:34.025001800,1299.0877532958984
4553,15:00:34.067011800,1301.0858001708984
4554,15:00:34.124024100,1303.0877532958984
4555,15:00:34.183018700,1305.0858001708984
4556,15:00:34.233030500,1307.1014404296875
4557,15:00:34.275040100,1309.0858001708984
4558,15:00:34.318049700,1311.0877532958984
4559,15:00:34.378062600,1313.0858001708984
4560,15:00:34.436076300,1315.0877532958984
4561,15:00:34.480086600,1317.0858001708984
4562,15:00:34.525096100,1319.0877532958984
4563,15:00:34.576107900,1321.0858001708984
4564,15:00:34.632120200,1323.0877532958984
4565,15:00:34.682445800,1325.0858001708984
4566,15:00:34.724455100,1327.0877532958984
4567,15:00:34.770466100,1329.0858001708984
4568,15:00:34.829478900,1331.0936279296875
4569,15:00:34.879453200,1333.0858001708984
4570,15:00:34.921462900,1335.1014404296875
4571,15:00:34.964472400,1337.0858001708984
4572,15:00:35.023485700,1339.1014404296875
4573,15:00:35.078498200,1341.0858001708984
4574,15:00:35.120507400,1343.0877532958984
4575,15:00:35.164517800,1345.0858001708984
4576,15:00:35.208527500,1347.0877532958984
4577,15:00:35.268540100,1349.0858001708984
4578,15:00:35.321552600,1351.0877532958984
4579,15:00:35.363562,1353.0858001708984
4580,15:00:35.406572100,1355.0877532958984
4581,15:00:35.463584200,1357.0858001708984
4582,15:00:35.520598,1359.0877532958984
4583,15:00:35.562606800,1361.0858001708984
4584,15:00:35.604616500,1363.0877532958984
4585,15:00:35.647625800,1365.0858001708984
4586,15:00:35.703638500,1367.0877532958984
4587,15:00:35.761599100,1369.0858001708984
4588,15:00:35.802607800,1371.0877532958984
4589,15:00:35.844617300,1373.0858001708984
4590,15:00:35.900630,1375.0877532958984
4591,15:00:35.957643200,1377.0858001708984
4592,15:00:36.001652700,1379.0877532958984
4593,15:00:36.043662100,1381.0858001708984
4594,15:00:36.088672200,1383.0877532958984
4595,15:00:36.145684900,1385.0858001708984
4596,15:00:36.200697400,1387.0877532958984
4597,15:00:36.245707500,1389.0858001708984
4598,15:00:36.285716500,1391.0877532958984
4599,15:00:36.340728900,1393.0858001708984
4600,15:00:36.395741600,1395.0877532958984
4601,15:00:36.438750800,1397.0858001708984
4602,15:00:36.480760400,1397.0858001708984
4603,15:00:36.524770,1399.0877532958984
4604,15:00:36.580782700,1401.0858001708984
4605,15:00:36.635795100,1403.0877532958984
4606,15:00:36.678804700,1405.0858001708984
4607,15:00:36.723814900,1407.1014404296875
4608,15:00:36.780385500,1409.0858001708984
4609,15:00:36.835397300,1411.0877532958984
4610,15:00:36.879406900,1413.0858001708984
4611,15:00:36.921416200,1415.0877532958984
4612,15:00:36.967427600,1417.0858001708984
4613,15:00:37.025440600,1419.0877532958984
4614,15:00:37.079452100,1421.0858001708984
4615,15:00:37.123461800,1423.0877532958984
4616,15:00:37.165471300,1425.0858001708984
4617,15:00:37.220483100,1427.0877532958984
4618,15:00:37.272900300,1429.0858001708984
4619,15:00:37.315842500,1431.0877532958984
4620,15:00:37.356851600,1433.0858001708984
4621,15:00:37.399861700,1435.0877532958984
4622,15:00:37.454874200,1437.0858001708984
4623,15:00:37.511893900,1439.0877532958984
4624,15:00:37.555903700,1441.0858001708984
4625,15:00:37.598913600,1443.0877532958984
4626,15:00:37.657926700,1445.0858001708984
4627,15:00:37.710938500,1447.0877532958984
4628,15:00:37.756949,1449.0858001708984
4629,15:00:37.799958600,1077.2735290527344
4630,15:00:37.881977,1079.2250595092773
4631,15:00:37.937990200,1081.2270126342773
4632,15:00:37.982999800,1083.2250595092773
4633,15:00:38.024009,1085.2270126342773
4634,15:00:38.068019300,1087.2250595092773
4635,15:00:38.126031100,1089.2270126342773
4636,15:00:38.182044900,1091.2250595092773
4637,15:00:38.224053900,1093.2270126342773
4638,15:00:38.270065,1095.2250595092773
4639,15:00:38.325735900,1097.2270126342773
4640,15:00:38.381747700,1099.2250595092773
4641,15:00:38.425758100,1101.2270126342773
4642,15:00:38.467766900,1103.2250595092773
4643,15:00:38.523779600,1105.2406997680664
4644,15:00:38.580792800,1107.2250595092773
4645,15:00:38.625803400,1109.2406997680664
4646,15:00:38.666812100,1111.2250595092773
4647,15:00:38.710822900,1113.2406997680664
4648,15:00:38.770209300,1115.2250595092773
4649,15:00:38.823221100,1117.2270126342773
4650,15:00:38.866231200,1119.2250595092773
4651,15:00:38.909240,1121.2270126342773
4652,15:00:38.967256800,1123.2250595092773
4653,15:00:39.022269300,1125.2270126342773
4654,15:00:39.065278600,1127.2250595092773
4655,15:00:39.109288500,1129.2270126342773
4656,15:00:39.155299100,1131.2250595092773
4657,15:00:39.219313500,1133.2270126342773
4658,15:00:39.270324700,1135.2250595092773
4659,15:00:39.313334500,1137.2270126342773
4660,15:00:39.355343800,1139.2250595092773
4661,15:00:39.414357300,1141.2270126342773
4662,15:00:39.468369300,1143.2250595092773
4663,15:00:39.514379500,1145.2270126342773
4664,15:00:39.556389200,1147.2250595092773
4665,15:00:39.602400,1149.2270126342773
4666,15:00:39.657412,1151.2250595092773
4667,15:00:39.710802500,1153.2270126342773
4668,15:00:39.753812200,1155.2250595092773
4669,15:00:39.795821400,1157.2270126342773
4670,15:00:39.852835,1159.2250595092773
4671,15:00:39.907846700,1161.2270126342773
4672,15:00:39.952856900,1163.2250595092773
4673,15:00:39.995866400,1165.2270126342773
4674,15:00:40.040876700,1167.2250595092773
4675,15:00:40.099890600,1169.2270126342773
4676,15:00:40.149901100,1171.2250595092773
4677,15:00:40.193239200,1171.2250595092773
4678,15:00:40.235248700,1173.2270126342773
4679,15:00:40.291406800,1175.2250595092773
4680,15:00:40.346419,1177.2270126342773
4681,15:00:40.391067900,1179.2250595092773
4682,15:00:40.433077,1181.2406997680664
4683,15:00:40.474086400,1183.2250595092773
4684,15:00:40.528902100,1185.2270126342773
4685,15:00:40.586914500,1187.2250595092773
4686,15:00:40.629924100,1189.2270126342773
4687,15:00:40.671933700,1191.2250595092773
4688,15:00:40.729946900,1193.2270126342773
4689,15:00:40.787086500,1195.2250595092773
4690,15:00:40.832096900,1197.2270126342773
4691,15:00:40.874106200,1199.2250595092773
4692,15:00:40.918116,1201.2270126342773
4693,15:00:40.976129200,1203.2250595092773
4694,15:00:41.029140800,1205.2270126342773
4695,15:00:41.071150300,1207.2250595092773
4696,15:00:41.114159900,1209.2270126342773
4697,15:00:41.174173700,1211.2250595092773
4698,15:00:41.231186800,1213.2270126342773
4699,15:00:41.275196400,1215.2250595092773
4700,15:00:41.318206200,1217.2270126342773
4701,15:00:41.363216,1219.2250595092773
4702,15:00:41.423230,1221.2270126342773
4703,15:00:41.470240,1223.2250595092773
4704,15:00:41.514249900,1225.2406997680664
4705,15:00:41.557013300,1227.2250595092773
4706,15:00:41.615026300,1229.2270126342773
4707,15:00:41.674039600,1231.2250595092773
4708,15:00:41.720050100,1233.2270126342773
4709,15:00:41.762059300,1235.2250595092773
4710,15:00:41.813070700,1237.2270126342773
4711,15:00:41.872083900,1239.2250595092773
4712,15:00:41.921095,1241.2270126342773
4713,15:00:41.964104700,1243.2250595092773
4714,15:00:42.006114200,1245.2270126342773
4715,15:00:42.060127100,1247.2250595092773
4716,15:00:42.117139400,1249.2328872680664
4717,15:00:42.163149400,1251.2250595092773
4718,15:00:42.218161600,1253.2406997680664
4719,15:00:42.269173200,1255.2250595092773
4720,15:00:42.327186900,1257.2406997680664
4721,15:00:42.376197600,1259.2250595092773
4722,15:00:42.419207,1261.2270126342773
4723,15:00:42.470218500,1263.2250595092773
4724,15:00:42.527347700,1265.2270126342773
4725,15:00:42.577352300,1267.2250595092773
4726,15:00:42.621362200,1269.2270126342773
4727,15:00:42.664371900,1271.2250595092773
4728,15:00:42.719384,1273.2270126342773
4729,15:00:42.784398800,1275.2250595092773
4730,15:00:42.847581400,1277.2270126342773
4731,15:00:42.894592,1279.2250595092773
4732,15:00:42.954605200,1281.2270126342773
4733,15:00:43.008617400,1283.2250595092773
4734,15:00:43.050626900,1285.2270126342773
4735,15:00:43.094637,1287.2250595092773
4736,15:00:43.136646100,1289.2270126342773
4737,15:00:43.193659,1291.2250595092773
4738,15:00:43.247671100,1293.2270126342773
4739,15:00:43.290680800,1295.2250595092773
4740,15:00:43.332690200,1297.2270126342773
4741,15:00:43.389703,1299.2250595092773
4742,15:00:43.446715700,1301.2270126342773
4743,15:00:43.489725400,1303.2250595092773
4744,15:00:43.533735200,1305.2270126342773
4745,15:00:43.577745300,1307.2250595092773
4746,15:00:43.634758,1309.2270126342773
4747,15:00:43.688770,1311.2250595092773
4748,15:00:43.732780,1313.2270126342773
4749,15:00:43.775789700,1315.2250595092773
4750,15:00:43.833925900,1315.2250595092773
4751,15:00:43.890938400,1317.2270126342773
4752,15:00:43.933948100,1319.2250595092773
4753,15:00:43.975957500,1321.2270126342773
4754,15:00:44.022968,1323.2250595092773
4755,15:00:44.077981200,1325.2406997680664
4756,15:00:44.128992100,1327.2250595092773
4757,15:00:44.173001700,1329.2270126342773
4758,15:00:44.215011,1331.2250595092773
4759,15:00:44.270505400,1333.2270126342773
4760,15:00:44.326518400,1335.2250595092773
4761,15:00:44.369527900,1337.2270126342773
4762,15:00:44.414537700,1339.2250595092773
4763,15:00:44.461548700,1341.2270126342773
4764,15:00:44.516487,1343.2250595092773
4765,15:00:44.568525800,1345.2270126342773
4766,15:00:44.610535200,1347.2250595092773
4767,15:00:44.652544600,1349.2270126342773
4768,15:00:44.707565800,1351.2250595092773
4769,15:00:44.764508300,1353.2270126342773
4770,15:00:44.810518600,1355.2250595092773
4771,15:00:44.854528600,1357.2270126342773
4772,15:00:44.898538800,1359.2250595092773
4773,15:00:44.957552,1361.2270126342773
4774,15:00:45.010563600,1363.2250595092773
4775,15:00:45.052573,1365.2270126342773
4776,15:00:45.095582800,1367.2250595092773
4777,15:00:45.151595400,1369.2406997680664
4778,15:00:45.212609,1371.2250595092773
4779,15:00:45.254618300,1373.2270126342773
4780,15:00:45.297628,1375.2250595092773
4781,15:00:45.340637900,1377.2270126342773
4782,15:00:45.402651300,1379.2250595092773
4783,15:00:45.452662900,1381.2270126342773
4784,15:00:45.493672300,1383.2250595092773
4785,15:00:45.535682,1385.2270126342773
4786,15:00:45.593694800,1387.2250595092773
4787,15:00:45.651748700,1389.2270126342773
4788,15:00:45.694758100,1391.2250595092773
4789,15:00:45.734766900,1393.2328872680664
4790,15:00:45.777777100,1395.2250595092773
4791,15:00:45.834789600,1397.2406997680664
4792,15:00:45.886801,1399.2250595092773
4793,15:00:45.931811300,1401.2406997680664
4794,15:00:45.976821300,1403.2250595092773
4795,15:00:46.034834300,1405.2270126342773
4796,15:00:46.090847200,1407.2250595092773
4797,15:00:46.133856500,1409.2270126342773
4798,15:00:46.175866,1411.2250595092773
4799,15:00:46.223876800,1413.2270126342773
4800,15:00:46.278889300,1415.2250595092773
4801,15:00:46.330901,1417.2270126342773
4802,15:00:46.373910500,1419.2250595092773
4803,15:00:46.418920600,1421.2270126342773
4804,15:00:46.471932500,1423.2250595092773
4805,15:00:46.524201400,1425.2270126342773
4806,15:00:46.568331200,1427.2250595092773
4807,15:00:46.613341200,1429.2270126342773
4808,15:00:46.658941400,1431.2250595092773
4809,15:00:46.715954500,1433.2270126342773
4810,15:00:46.776969,1435.2250595092773
4811,15:00:46.834980400,1437.2270126342773
4812,15:00:46.885993300,1439.2250595092773
4813,15:00:46.961009500,1441.2270126342773
4814,15:00:47.015021900,1443.2250595092773
4815,15:00:47.066033400,1445.2270126342773
4816,15:00:47.138049700,1447.2250595092773
4817,15:00:47.207064,1449.2270126342773
4818,15:00:47.255075900,1451.2250595092773
4819,15:00:47.310088300,1453.2270126342773
4820,15:00:47.366100600,1455.2250595092773
4821,15:00:47.411110300,1457.2270126342773
4822,15:00:47.453119700,1459.2250595092773
4823,15:00:47.497130300,1459.2250595092773
4824,15:00:47.558148500,1461.2270126342773
4825,15:00:47.611160500,1463.2250595092773
4826,15:00:47.655170200,1465.2270126342773
4827,15:00:47.701180700,1467.2250595092773
4828,15:00:47.760193300,1118.7126007080078
4829,15:00:47.852215100,1120.6666564941406
4830,15:00:47.919229800,1122.6686096191406
4831,15:00:47.990245400,1124.6666564941406
4832,15:00:48.043257,1126.6686096191406
4833,15:00:48.092268400,1128.6666564941406
4834,15:00:48.152282500,1130.6744842529297
4835,15:00:48.222297700,1124.6666564941406
4836,15:00:48.290313,1126.6686096191406
4837,15:00:48.357110600,1128.6666564941406
4838,15:00:48.435629,1130.6686096191406
4839,15:00:48.481615300,1132.6666564941406
4840,15:00:48.529626200,1134.6686096191406
4841,15:00:48.593640800,1136.6666564941406
4842,15:00:48.645652300,1138.6744842529297
4843,15:00:48.690662400,1140.6666564941406
4844,15:00:48.733672200,1142.6686096191406
4845,15:00:48.793685400,1144.6666564941406
4846,15:00:48.852888500,1146.668846130371
4847,15:00:48.896899100,1148.6666564941406
4848,15:00:48.941910100,1150.6686096191406
4849,15:00:49.010924700,1152.6666564941406
4850,15:00:49.063936900,1154.6686096191406
4851,15:00:49.107946500,1156.6666564941406
4852,15:00:49.154957200,1158.6686096191406
4853,15:00:49.210969800,1160.6666564941406
4854,15:00:49.264981800,1162.6686096191406
4855,15:00:49.307991500,1164.6666564941406
4856,15:00:49.350001,1166.6686096191406
4857,15:00:49.410014400,1168.6666564941406
4858,15:00:49.464026700,1170.6686096191406
4859,15:00:49.511037100,1172.6666564941406
4860,15:00:49.557047400,1174.6686096191406
4861,15:00:49.612060,1176.6666564941406
4862,15:00:49.670073,1178.6686096191406
4863,15:00:49.717083400,1180.6666564941406
4864,15:00:49.760004500,1182.6822967529297
4865,15:00:49.813016800,1184.6666564941406
4866,15:00:49.879031300,1186.6822967529297
4867,15:00:49.928042200,1188.6666564941406
4868,15:00:49.974052400,1190.6822967529297
4869,15:00:50.033065900,1192.6666564941406
4870,15:00:50.094079600,1194.6686096191406
4871,15:00:50.139090100,1196.6666564941406
4872,15:00:50.181099100,1198.6686096191406
4873,15:00:50.238112900,1200.6666564941406
4874,15:00:50.297125200,1202.6686096191406
4875,15:00:50.344135700,1204.6666564941406
4876,15:00:50.388145700,1206.6686096191406
4877,15:00:50.445158600,1208.6666564941406
4878,15:00:50.502171600,1210.6686096191406
4879,15:00:50.552182500,1212.6666564941406
4880,15:00:50.597192800,1214.6686096191406
4881,15:00:50.652206,1216.6666564941406
4882,15:00:50.712219300,1218.6686096191406
4883,15:00:50.756228300,1220.6666564941406
4884,15:00:50.800238200,1222.6686096191406
4885,15:00:50.853250100,1224.6666564941406
4886,15:00:50.916270500,1226.6686096191406
4887,15:00:50.965281400,1228.6666564941406
4888,15:00:51.011291500,1230.6686096191406
4889,15:00:51.065234100,1232.6666564941406
4890,15:00:51.131248700,1234.6686096191406
4891,15:00:51.176258600,1236.6666564941406
4892,15:00:51.222269100,1238.6686096191406
4893,15:00:51.272280400,1240.6666564941406
4894,15:00:51.328292900,1242.6686096191406
4895,15:00:51.378304300,1244.6666564941406
4896,15:00:51.423314100,1246.6686096191406
4897,15:00:51.472324500,1248.6666564941406
4898,15:00:51.532339700,1248.6666564941406
4899,15:00:51.583350400,1250.6686096191406
4900,15:00:51.627360,1252.6666564941406
4901,15:00:51.669369600,1254.6686096191406
4902,15:00:51.728382800,1256.6666564941406
4903,15:00:51.784395800,1258.6822967529297
4904,15:00:51.829405500,1260.6666564941406
4905,15:00:51.871414700,1262.6686096191406
4906,15:00:51.919430300,1264.6666564941406
4907,15:00:51.977354500,1266.6686096191406
4908,15:00:52.029366200,1268.6666564941406
4909,15:00:52.076377,1270.6686096191406
4910,15:00:52.121387100,1272.6666564941406
4911,15:00:52.179400100,1274.6686096191406
4912,15:00:52.236412900,1276.6666564941406
4913,15:00:52.280422600,1278.6686096191406
4914,15:00:52.325433200,1280.6666564941406
4915,15:00:52.385446200,1282.6686096191406
4916,15:00:52.440458700,1284.6666564941406
4917,15:00:52.486347100,1286.6686096191406
4918,15:00:52.533357700,1288.6666564941406
4919,15:00:52.593371300,1290.6686096191406
4920,15:00:52.647383200,1292.6666564941406
4921,15:00:52.692393300,1294.6686096191406
4922,15:00:52.735403600,1296.6666564941406
4923,15:00:52.794416200,1298.6686096191406
4924,15:00:52.854430200,1300.6666564941406
4925,15:00:52.899440100,1302.6822967529297
4926,15:00:52.944450300,1304.6666564941406
4927,15:00:53.001462800,1306.6686096191406
4928,15:00:53.059475900,1308.6666564941406
4929,15:00:53.103485900,1310.6686096191406
4930,15:00:53.149497200,1312.6666564941406
4931,15:00:53.207508600,1314.6686096191406
4932,15:00:53.261521200,1316.6666564941406
4933,15:00:53.307531500,1318.6686096191406
4934,15:00:53.351540900,1320.6666564941406
4935,15:00:53.408554600,1322.6686096191406
4936,15:00:53.465567700,1324.6666564941406
4937,15:00:53.508576700,1326.6744842529297
4938,15:00:53.551586600,1328.6666564941406
4939,15:00:53.612600600,1330.6822967529297
4940,15:00:53.668612800,1332.6666564941406
4941,15:00:53.713622700,1334.6822967529297
4942,15:00:53.756632600,1336.6666564941406
4943,15:00:53.806643300,1338.6686096191406
4944,15:00:53.865219500,1340.6666564941406
4945,15:00:53.917228300,1342.6686096191406
4946,15:00:53.960238200,1344.6666564941406
4947,15:00:54.002247500,1346.6686096191406
4948,15:00:54.057259900,1348.6666564941406
4949,15:00:54.126274900,1350.6686096191406
4950,15:00:54.171285600,1352.6666564941406
4951,15:00:54.217295900,1354.6686096191406
4952,15:00:54.269307500,1356.6666564941406
4953,15:00:54.326320500,1358.6686096191406
4954,15:00:54.373331,1360.6666564941406
4955,15:00:54.417340600,1362.6686096191406
4956,15:00:54.473354200,1364.6666564941406
4957,15:00:54.534366600,1366.6686096191406
4958,15:00:54.582378300,1368.6666564941406
4959,15:00:54.648392600,1370.6686096191406
4960,15:00:54.706405100,1372.6666564941406
4961,15:00:54.763418500,1374.6686096191406
4962,15:00:54.806428300,1376.6666564941406
4963,15:00:54.850438300,1378.6686096191406
4964,15:00:54.897449,1380.6666564941406
4965,15:00:54.957462200,1382.6686096191406
4966,15:00:55.008473500,1384.6666564941406
4967,15:00:55.053483700,1386.6686096191406
4968,15:00:55.099495300,1388.6666564941406
4969,15:00:55.160507800,1390.6686096191406
4970,15:00:55.217520500,1392.6666564941406
4971,15:00:55.260530300,1392.6666564941406
4972,15:00:55.305540700,1394.6686096191406
4973,15:00:55.361553900,1396.6666564941406
4974,15:00:55.416565400,1398.6686096191406
4975,15:00:55.460575200,1400.6666564941406
4976,15:00:55.505585300,1402.6822967529297
4977,15:00:55.566598900,1404.6666564941406
4978,15:00:55.623611800,1406.6686096191406
4979,15:00:55.669621500,1408.6666564941406
4980,15:00:55.710631300,1410.6686096191406
4981,15:00:55.756641900,1412.6666564941406
4982,15:00:55.814654600,1414.6686096191406
4983,15:00:55.866666500,1416.6666564941406
4984,15:00:55.909676200,1418.6686096191406
4985,15:00:55.953631600,1420.6666564941406
4986,15:00:56.011645100,1422.6686096191406
4987,15:00:56.068658800,1424.6666564941406
4988,15:00:56.114667900,1426.6686096191406
4989,15:00:56.157677500,1428.6666564941406
4990,15:00:56.214690600,1430.6686096191406
4991,15:00:56.274704,1432.6666564941406
4992,15:00:56.321714400,1434.6686096191406
4993,15:00:56.364724500,1436.6666564941406
4994,15:00:56.407733700,1438.6686096191406
4995,15:00:56.468746800,1440.6666564941406
4996,15:00:56.527760700,1442.6686096191406
4997,15:00:56.571775500,1444.6666564941406
4998,15:00:56.614784900,1446.6822967529297
4999,15:00:56.661795400,1448.6666564941406
5000,15:00:56.721809500,1142.0297317504883
